N,Result,Time,Speedup,Efficiency
0,4160749568,531,1,1
1,4160749568,541,0.981516,0.490758
2,4160749568,335,1.58507,0.528358
3,4160749568,291,1.82474,0.456186
4,4160749568,276,1.92391,0.384783
5,4160749568,272,1.95221,0.325368
6,4160749568,273,1.94505,0.277865
7,4160749568,272,1.95221,0.244026
