N,Result,Time,Speedup,Efficiency
0,4160749568,551,1,1
1,4160749568,467,1.17987,0.589936
2,4160749568,449,1.22717,0.409057
3,4160749568,456,1.20833,0.302083
4,4160749568,458,1.20306,0.240611
5,4160749568,676,0.815089,0.135848
6,4160749568,533,1.03377,0.147682
7,4160749568,515,1.0699,0.133738
