N,Result,Time,Speedup,Efficiency
0,4160749568,2516,1,1
1,4160749568,1414,1.77935,0.889675
2,4160749568,1211,2.07762,0.692541
3,4160749568,1080,2.32963,0.582407
4,4160749568,1021,2.46425,0.49285
5,4160749568,1091,2.30614,0.384357
6,4160749568,996,2.5261,0.360872
7,4160749568,1031,2.44035,0.305044
